Timestamp,FD_ID,IP_Address,Latency,Packet_Loss,Throughput,Status
2024-12-09 13:39:15,0,192.168.1.11,180.02848625183105,0.0,N/A,Good
2024-12-09 13:39:15,15,192.168.1.10,249.1447925567627,0.0,N/A,Acceptable
2024-12-09 13:39:16,1,192.168.1.11,138.36922645568848,0.0,N/A,Good
2024-12-09 13:39:16,2,192.168.1.11,138.77158164978027,0.0,N/A,Good
2024-12-09 13:39:17,16,192.168.1.10,249.06458854675293,0.0,N/A,Acceptable
2024-12-09 13:39:17,3,192.168.1.11,139.06450271606445,0.0,N/A,Good
2024-12-09 13:39:18,4,192.168.1.11,138.64102363586426,0.0,N/A,Good
2024-12-09 13:39:18,17,192.168.1.10,248.6281394958496,0.0,N/A,Acceptable
2024-12-09 13:39:19,5,192.168.1.11,138.69571685791016,0.0,N/A,Good
2024-12-09 13:39:19,18,192.168.1.10,249.65267181396484,0.0,N/A,Acceptable
2024-12-09 13:39:19,6,192.168.1.11,138.48567008972168,0.0,N/A,Good
2024-12-09 13:39:20,30,192.168.1.12,874.9823570251465,20.0,N/A,Poor
2024-12-09 13:39:20,7,192.168.1.11,138.360595703125,0.0,N/A,Good
2024-12-09 13:39:20,19,192.168.1.10,248.49605560302734,0.0,N/A,Acceptable
2024-12-09 13:39:21,8,192.168.1.11,138.62175941467285,0.0,N/A,Good
2024-12-09 13:39:21,9,192.168.1.11,139.01476860046387,0.0,N/A,Good
2024-12-09 13:39:22,20,192.168.1.10,249.53136444091797,0.0,N/A,Acceptable
2024-12-09 13:39:22,10,192.168.1.11,138.42153549194336,0.0,N/A,Good
2024-12-09 13:39:23,11,192.168.1.11,138.90914916992188,0.0,N/A,Good
2024-12-09 13:39:24,12,192.168.1.11,138.32941055297852,0.0,N/A,Good
2024-12-09 13:39:24,31,192.168.1.12,875.322437286377,0.0,N/A,Poor
2024-12-09 13:39:24,45,192.168.5.23,N/A,100.0,N/A,Unavailable
2024-12-09 13:39:24,13,192.168.1.11,138.9312744140625,0.0,N/A,Good
2024-12-09 13:39:25,21,192.168.1.10,249.39972162246704,20.0,N/A,Acceptable
2024-12-09 13:39:25,14,192.168.1.11,139.79558944702148,0.0,N/A,Good
2024-12-09 13:39:26,22,192.168.1.10,249.35307502746582,0.0,N/A,Acceptable
2024-12-09 13:39:28,32,192.168.1.12,875.8803844451904,0.0,N/A,Poor
2024-12-09 13:39:29,23,192.168.1.10,249.23264980316162,20.0,N/A,Acceptable
2024-12-09 13:39:32,24,192.168.1.10,249.52024221420288,20.0,N/A,Acceptable
2024-12-09 13:39:33,25,192.168.1.10,249.77879524230957,0.0,N/A,Acceptable
2024-12-09 13:39:34,33,192.168.1.12,875.4839897155762,20.0,N/A,Poor
2024-12-09 13:39:34,46,192.168.5.23,N/A,100.0,N/A,Unavailable
2024-12-09 13:39:35,26,192.168.1.10,249.25537109375,0.0,N/A,Acceptable
2024-12-09 13:39:36,0,192.168.1.11,138.57412338256836,0.0,N/A,Good
2024-12-09 13:39:36,1,192.168.1.11,138.72408866882324,0.0,N/A,Good
2024-12-09 13:39:37,2,192.168.1.11,138.5903835296631,0.0,N/A,Good
2024-12-09 13:39:38,27,192.168.1.10,249.04435873031616,20.0,N/A,Acceptable
2024-12-09 13:39:38,3,192.168.1.11,138.30742835998535,0.0,N/A,Good
2024-12-09 13:39:39,4,192.168.1.11,138.65585327148438,0.0,N/A,Good
2024-12-09 13:39:39,28,192.168.1.10,249.10812377929688,0.0,N/A,Acceptable
2024-12-09 13:39:39,5,192.168.1.11,138.76094818115234,0.0,N/A,Good
2024-12-09 13:39:40,6,192.168.1.11,139.69311714172363,0.0,N/A,Good
2024-12-09 13:39:41,7,192.168.1.11,139.63465690612793,0.0,N/A,Good
2024-12-09 13:39:41,34,192.168.1.12,874.9491373697916,40.0,N/A,Poor
2024-12-09 13:39:41,8,192.168.1.11,138.73372077941895,0.0,N/A,Good
2024-12-09 13:39:42,29,192.168.1.10,248.7778663635254,20.0,N/A,Acceptable
2024-12-09 13:39:42,9,192.168.1.11,138.4911060333252,0.0,N/A,Good
2024-12-09 13:39:43,10,192.168.1.11,138.62032890319824,0.0,N/A,Good
2024-12-09 13:39:43,11,192.168.1.11,139.54405784606934,0.0,N/A,Good
2024-12-09 13:39:44,12,192.168.1.11,138.66372108459473,0.0,N/A,Good
2024-12-09 13:39:44,47,192.168.5.23,N/A,100.0,N/A,Unavailable
2024-12-09 13:39:45,13,192.168.1.11,139.2590045928955,0.0,N/A,Good
2024-12-09 13:39:46,14,192.168.1.11,139.12243843078613,0.0,N/A,Good
2024-12-09 13:39:48,35,192.168.1.12,875.5764961242676,60.0,N/A,Poor
2024-12-09 13:39:53,36,192.168.1.12,875.3739356994629,0.0,N/A,Poor
2024-12-09 13:39:53,15,192.168.1.10,249.05147552490234,0.0,N/A,Acceptable
2024-12-09 13:39:54,48,192.168.5.23,N/A,100.0,N/A,Unavailable
2024-12-09 13:39:54,16,192.168.1.10,249.18503761291504,0.0,N/A,Acceptable
2024-12-09 13:39:56,17,192.168.1.10,249.27220344543457,0.0,N/A,Acceptable
2024-12-09 13:39:56,0,192.168.1.11,138.78884315490723,0.0,N/A,Good
2024-12-09 13:39:57,1,192.168.1.11,138.65704536437988,0.0,N/A,Good
2024-12-09 13:39:58,2,192.168.1.11,138.4754180908203,0.0,N/A,Good
2024-12-09 13:39:58,37,192.168.1.12,875.1267790794373,20.0,N/A,Poor
2024-12-09 13:39:58,3,192.168.1.11,139.1336441040039,0.0,N/A,Good
2024-12-09 13:39:59,18,192.168.1.10,249.55636262893677,20.0,N/A,Acceptable
2024-12-09 13:39:59,4,192.168.1.11,139.0439510345459,0.0,N/A,Good
2024-12-09 13:40:00,5,192.168.1.11,138.334321975708,0.0,N/A,Good
2024-12-09 13:40:00,19,192.168.1.10,249.50566291809082,0.0,N/A,Acceptable
2024-12-09 13:40:01,6,192.168.1.11,137.8758430480957,0.0,N/A,Good
2024-12-09 13:40:01,20,192.168.1.10,250.35524368286133,0.0,N/A,Acceptable
2024-12-09 13:40:01,7,192.168.1.11,138.04283142089844,0.0,N/A,Good
2024-12-09 13:40:02,8,192.168.1.11,137.87474632263184,0.0,N/A,Good
2024-12-09 13:40:02,21,192.168.1.10,249.09095764160156,0.0,N/A,Acceptable
2024-12-09 13:40:03,9,192.168.1.11,138.38214874267578,0.0,N/A,Good
2024-12-09 13:40:03,10,192.168.1.11,138.46821784973145,0.0,N/A,Good
2024-12-09 13:40:04,22,192.168.1.10,249.00059700012207,0.0,N/A,Acceptable
2024-12-09 13:40:04,38,192.168.1.12,875.3371238708496,20.0,N/A,Poor
2024-12-09 13:40:04,11,192.168.1.11,138.44966888427734,0.0,N/A,Good
2024-12-09 13:40:04,49,192.168.5.23,N/A,100.0,N/A,Unavailable
2024-12-09 13:40:05,12,192.168.1.11,138.4676456451416,0.0,N/A,Good
2024-12-09 13:40:05,23,192.168.1.10,249.10178184509277,0.0,N/A,Acceptable
2024-12-09 13:40:05,13,192.168.1.11,138.92855644226074,0.0,N/A,Good
2024-12-09 13:40:06,14,192.168.1.11,138.13447952270508,0.0,N/A,Good
2024-12-09 13:40:06,24,192.168.1.10,248.9360809326172,0.0,N/A,Acceptable
2024-12-09 13:40:07,25,192.168.1.10,249.44138526916504,0.0,N/A,Acceptable
2024-12-09 13:40:09,26,192.168.1.10,249.18313026428223,0.0,N/A,Acceptable
2024-12-09 13:40:09,39,192.168.1.12,875.2813935279846,20.0,N/A,Poor
2024-12-09 13:40:12,27,192.168.1.10,249.56876039505005,20.0,N/A,Acceptable
2024-12-09 13:40:13,28,192.168.1.10,249.31230545043945,0.0,N/A,Acceptable
2024-12-09 13:40:14,40,192.168.1.12,875.6020069122314,0.0,N/A,Poor
2024-12-09 13:40:14,29,192.168.1.10,249.95646476745605,0.0,N/A,Acceptable
2024-12-09 13:40:14,50,192.168.5.23,N/A,100.0,N/A,Unavailable
2024-12-09 13:40:17,0,192.168.1.11,138.55571746826172,0.0,N/A,Good
2024-12-09 13:40:18,1,192.168.1.11,138.8082981109619,0.0,N/A,Good
2024-12-09 13:40:18,2,192.168.1.11,138.3713722229004,0.0,N/A,Good
2024-12-09 13:40:19,3,192.168.1.11,138.25511932373047,0.0,N/A,Good
2024-12-09 13:40:19,41,192.168.1.12,875.0638961791992,20.0,N/A,Poor
2024-12-09 13:40:20,4,192.168.1.11,138.59896659851074,0.0,N/A,Good
2024-12-09 13:40:20,5,192.168.1.11,138.81072998046875,0.0,N/A,Good
2024-12-09 13:40:21,6,192.168.1.11,138.50245475769043,0.0,N/A,Good
2024-12-09 13:40:22,7,192.168.1.11,138.91315460205078,0.0,N/A,Good
2024-12-09 13:40:23,8,192.168.1.11,138.12456130981445,0.0,N/A,Good
2024-12-09 13:40:23,9,192.168.1.11,138.2993221282959,0.0,N/A,Good
2024-12-09 13:40:24,42,192.168.1.12,874.8291492462158,0.0,N/A,Poor
2024-12-09 13:40:24,10,192.168.1.11,138.5892391204834,0.0,N/A,Good
2024-12-09 13:40:25,51,192.168.5.23,N/A,100.0,N/A,Unavailable
2024-12-09 13:40:25,11,192.168.1.11,138.7566089630127,0.0,N/A,Good
2024-12-09 13:40:25,12,192.168.1.11,138.15922737121582,0.0,N/A,Good
2024-12-09 13:40:26,13,192.168.1.11,140.16547203063965,0.0,N/A,Good
2024-12-09 13:40:27,14,192.168.1.11,138.22622299194336,0.0,N/A,Good
2024-12-09 13:40:27,15,192.168.1.10,249.1849660873413,20.0,N/A,Acceptable
2024-12-09 13:40:28,43,192.168.1.12,875.4003047943115,0.0,N/A,Poor
2024-12-09 13:40:29,16,192.168.1.10,251.29799842834473,0.0,N/A,Acceptable
2024-12-09 13:40:32,17,192.168.1.10,250.32228231430054,20.0,N/A,Acceptable
2024-12-09 13:40:32,44,192.168.1.12,875.4690170288086,0.0,N/A,Poor
2024-12-09 13:40:33,18,192.168.1.10,249.5223045349121,0.0,N/A,Acceptable
2024-12-09 13:40:34,19,192.168.1.10,250.25076866149902,0.0,N/A,Acceptable
2024-12-09 13:40:35,52,192.168.5.23,N/A,100.0,N/A,Unavailable
2024-12-09 13:40:37,20,192.168.1.10,248.82298707962036,20.0,N/A,Acceptable
2024-12-09 13:40:37,0,192.168.1.11,139.01362419128418,0.0,N/A,Good
2024-12-09 13:40:38,1,192.168.1.11,138.71726989746094,0.0,N/A,Good
2024-12-09 13:40:38,21,192.168.1.10,249.36938285827637,0.0,N/A,Acceptable
2024-12-09 13:40:39,2,192.168.1.11,138.64083290100098,0.0,N/A,Good
2024-12-09 13:40:40,3,192.168.1.11,140.15703201293945,0.0,N/A,Good
2024-12-09 13:40:40,22,192.168.1.10,249.56483840942383,0.0,N/A,Acceptable
2024-12-09 13:40:40,4,192.168.1.11,138.74468803405762,0.0,N/A,Good
2024-12-09 13:40:41,23,192.168.1.10,249.05519485473633,0.0,N/A,Acceptable
2024-12-09 13:40:41,5,192.168.1.11,138.74659538269043,0.0,N/A,Good
2024-12-09 13:40:42,6,192.168.1.11,138.5167121887207,0.0,N/A,Good
2024-12-09 13:40:42,24,192.168.1.10,249.00131225585938,0.0,N/A,Acceptable
2024-12-09 13:40:42,7,192.168.1.11,138.60130310058594,0.0,N/A,Good
2024-12-09 13:40:43,8,192.168.1.11,139.15648460388184,0.0,N/A,Good
2024-12-09 13:40:43,25,192.168.1.10,249.29571151733398,0.0,N/A,Acceptable
2024-12-09 13:40:44,9,192.168.1.11,139.91737365722656,0.0,N/A,Good
2024-12-09 13:40:45,10,192.168.1.11,138.63224983215332,0.0,N/A,Good
2024-12-09 13:40:45,53,192.168.5.23,N/A,100.0,N/A,Unavailable
2024-12-09 13:40:45,11,192.168.1.11,138.80586624145508,0.0,N/A,Good
2024-12-09 13:40:46,12,192.168.1.11,139.19787406921387,0.0,N/A,Good
2024-12-09 13:40:47,13,192.168.1.11,138.0756378173828,0.0,N/A,Good
2024-12-09 13:40:47,30,192.168.1.12,875.4494667053223,0.0,N/A,Poor
2024-12-09 13:40:47,14,192.168.1.11,140.26775360107422,0.0,N/A,Good
2024-12-09 13:40:48,26,192.168.1.10,249.80831146240234,40.0,N/A,Poor
2024-12-09 13:40:49,27,192.168.1.10,249.95098114013672,0.0,N/A,Acceptable
2024-12-09 13:40:51,28,192.168.1.10,249.8713493347168,0.0,N/A,Acceptable
2024-12-09 13:40:54,31,192.168.1.12,875.5465348561605,40.0,N/A,Poor
2024-12-09 13:40:54,29,192.168.1.10,249.50295686721802,20.0,N/A,Acceptable
2024-12-09 13:40:55,54,192.168.5.23,N/A,100.0,N/A,Unavailable
2024-12-09 13:40:58,0,192.168.1.11,138.78207206726074,0.0,N/A,Good
2024-12-09 13:40:59,1,192.168.1.11,138.97933959960938,0.0,N/A,Good
2024-12-09 13:40:59,2,192.168.1.11,138.84615898132324,0.0,N/A,Good
2024-12-09 13:41:00,32,192.168.1.12,875.2346038818359,40.0,N/A,Poor
2024-12-09 13:41:00,3,192.168.1.11,138.6396884918213,0.0,N/A,Good
2024-12-09 13:41:01,4,192.168.1.11,138.78703117370605,0.0,N/A,Good
2024-12-09 13:41:02,5,192.168.1.11,138.55819702148438,0.0,N/A,Good
2024-12-09 13:41:02,6,192.168.1.11,138.9190673828125,0.0,N/A,Good
2024-12-09 13:41:03,7,192.168.1.11,139.0883445739746,0.0,N/A,Good
2024-12-09 13:41:04,8,192.168.1.11,138.86799812316895,0.0,N/A,Good
2024-12-09 13:41:04,9,192.168.1.11,137.62311935424805,0.0,N/A,Good
2024-12-09 13:41:05,55,192.168.5.23,N/A,100.0,N/A,Unavailable
2024-12-09 13:41:05,15,192.168.1.10,249.16906356811523,0.0,N/A,Acceptable
2024-12-09 13:41:05,10,192.168.1.11,139.02673721313477,0.0,N/A,Good
2024-12-09 13:41:06,11,192.168.1.11,138.30456733703613,0.0,N/A,Good
2024-12-09 13:41:06,16,192.168.1.10,249.08647537231445,0.0,N/A,Acceptable
2024-12-09 13:41:07,12,192.168.1.11,138.02638053894043,0.0,N/A,Good
2024-12-09 13:41:07,33,192.168.1.12,875.326951344808,40.0,N/A,Poor
2024-12-09 13:41:07,13,192.168.1.11,138.7333869934082,0.0,N/A,Good
2024-12-09 13:41:07,17,192.168.1.10,249.00903701782227,0.0,N/A,Acceptable
2024-12-09 13:41:08,14,192.168.1.11,138.55891227722168,0.0,N/A,Good
2024-12-09 13:41:09,18,192.168.1.10,249.03326034545898,0.0,N/A,Acceptable
2024-12-09 13:41:10,19,192.168.1.10,249.17144775390625,0.0,N/A,Acceptable
2024-12-09 13:41:11,34,192.168.1.12,875.4855155944824,0.0,N/A,Poor
2024-12-09 13:41:13,20,192.168.1.10,249.63867664337158,20.0,N/A,Acceptable
2024-12-09 13:41:14,21,192.168.1.10,249.7753620147705,0.0,N/A,Acceptable
2024-12-09 13:41:15,56,192.168.5.23,N/A,100.0,N/A,Unavailable
2024-12-09 13:41:16,22,192.168.1.10,249.7744083404541,0.0,N/A,Acceptable
2024-12-09 13:41:17,35,192.168.1.12,875.3432631492615,20.0,N/A,Poor
2024-12-09 13:41:19,23,192.168.1.10,251.24073028564453,20.0,N/A,Acceptable
2024-12-09 13:41:19,0,192.168.1.11,138.35177421569824,0.0,N/A,Good
2024-12-09 13:41:19,1,192.168.1.11,138.63754272460938,0.0,N/A,Good
2024-12-09 13:41:20,24,192.168.1.10,249.6950626373291,0.0,N/A,Acceptable
2024-12-09 13:41:20,2,192.168.1.11,138.7185573577881,0.0,N/A,Good
2024-12-09 13:41:21,3,192.168.1.11,138.55690956115723,0.0,N/A,Good
2024-12-09 13:41:21,25,192.168.1.10,249.60193634033203,0.0,N/A,Acceptable
2024-12-09 13:41:21,36,192.168.1.12,875.1498699188232,0.0,N/A,Poor
2024-12-09 13:41:21,4,192.168.1.11,138.93842697143555,0.0,N/A,Good
2024-12-09 13:41:22,5,192.168.1.11,138.7068271636963,0.0,N/A,Good
2024-12-09 13:41:22,26,192.168.1.10,248.9708423614502,0.0,N/A,Acceptable
2024-12-09 13:41:23,6,192.168.1.11,138.42196464538574,0.0,N/A,Good
2024-12-09 13:41:24,7,192.168.1.11,138.77906799316406,0.0,N/A,Good
2024-12-09 13:41:24,27,192.168.1.10,249.07755851745605,0.0,N/A,Acceptable
2024-12-09 13:41:24,8,192.168.1.11,138.8291358947754,0.0,N/A,Good
2024-12-09 13:41:25,28,192.168.1.10,249.15356636047363,0.0,N/A,Acceptable
2024-12-09 13:41:25,57,192.168.5.23,N/A,100.0,N/A,Unavailable
2024-12-09 13:41:25,9,192.168.1.11,138.21935653686523,0.0,N/A,Good
2024-12-09 13:41:25,37,192.168.1.12,875.2372741699219,0.0,N/A,Poor
2024-12-09 13:41:26,10,192.168.1.11,138.37270736694336,0.0,N/A,Good
2024-12-09 13:41:26,29,192.168.1.10,249.4204044342041,0.0,N/A,Acceptable
2024-12-09 13:41:26,11,192.168.1.11,138.85831832885742,0.0,N/A,Good
2024-12-09 13:41:27,12,192.168.1.11,138.89703750610352,0.0,N/A,Good
2024-12-09 13:41:28,13,192.168.1.11,138.60864639282227,0.0,N/A,Good
2024-12-09 13:41:29,14,192.168.1.11,138.1711483001709,0.0,N/A,Good
2024-12-09 13:41:31,38,192.168.1.12,875.2896785736084,20.0,N/A,Poor
2024-12-09 13:41:35,58,192.168.5.23,N/A,100.0,N/A,Unavailable
2024-12-09 13:41:35,39,192.168.1.12,875.5215644836426,0.0,N/A,Poor
2024-12-09 13:41:37,15,192.168.1.10,249.9478816986084,0.0,N/A,Acceptable
2024-12-09 13:41:39,16,192.168.1.10,249.5471477508545,0.0,N/A,Acceptable
2024-12-09 13:41:39,0,192.168.1.11,138.7448787689209,0.0,N/A,Good
2024-12-09 13:41:40,17,192.168.1.10,249.59821701049805,0.0,N/A,Acceptable
2024-12-09 13:41:40,1,192.168.1.11,138.86394500732422,0.0,N/A,Good
2024-12-09 13:41:41,2,192.168.1.11,138.28387260437012,0.0,N/A,Good
2024-12-09 13:41:41,3,192.168.1.11,139.05482292175293,0.0,N/A,Good
2024-12-09 13:41:42,4,192.168.1.11,138.82598876953125,0.0,N/A,Good
2024-12-09 13:41:42,40,192.168.1.12,875.1209576924642,40.0,N/A,Poor
2024-12-09 13:41:43,5,192.168.1.11,138.77758979797363,0.0,N/A,Good
2024-12-09 13:41:43,18,192.168.1.10,248.72535467147827,20.0,N/A,Acceptable
2024-12-09 13:41:43,6,192.168.1.11,139.03875350952148,0.0,N/A,Good
2024-12-09 13:41:44,19,192.168.1.10,249.18169975280762,0.0,N/A,Acceptable
2024-12-09 13:41:44,7,192.168.1.11,138.36541175842285,0.0,N/A,Good
2024-12-09 13:41:45,8,192.168.1.11,138.6972427368164,0.0,N/A,Good
2024-12-09 13:41:45,59,192.168.5.23,N/A,100.0,N/A,Unavailable
2024-12-09 13:41:45,20,192.168.1.10,249.42879676818848,0.0,N/A,Acceptable
2024-12-09 13:41:46,9,192.168.1.11,138.42401504516602,0.0,N/A,Good
2024-12-09 13:41:46,10,192.168.1.11,138.91196250915527,0.0,N/A,Good
2024-12-09 13:41:47,21,192.168.1.10,249.08828735351562,0.0,N/A,Acceptable
2024-12-09 13:41:47,11,192.168.1.11,138.39850425720215,0.0,N/A,Good
2024-12-09 13:41:48,41,192.168.1.12,875.1471638679504,20.0,N/A,Poor
2024-12-09 13:41:48,12,192.168.1.11,138.83686065673828,0.0,N/A,Good
2024-12-09 13:41:48,22,192.168.1.10,249.06549453735352,0.0,N/A,Acceptable
2024-12-09 13:41:48,13,192.168.1.11,138.2887363433838,0.0,N/A,Good
2024-12-09 13:41:49,14,192.168.1.11,138.51518630981445,0.0,N/A,Good
2024-12-09 13:41:49,23,192.168.1.10,249.40896034240723,0.0,N/A,Acceptable
2024-12-09 13:41:52,24,192.168.1.10,249.63724613189697,20.0,N/A,Acceptable
2024-12-09 13:41:53,25,192.168.1.10,249.26180839538574,0.0,N/A,Acceptable
2024-12-09 13:41:54,42,192.168.1.12,876.0789235432943,40.0,N/A,Poor
2024-12-09 13:41:55,26,192.168.1.10,249.22966957092285,0.0,N/A,Acceptable
2024-12-09 13:41:58,27,192.168.1.10,253.20392847061157,20.0,N/A,Acceptable
2024-12-09 13:41:59,28,192.168.1.10,261.5983486175537,0.0,N/A,Acceptable
2024-12-09 13:42:00,43,192.168.1.12,890.1175260543823,20.0,N/A,Poor
2024-12-09 13:42:00,0,192.168.1.11,138.9566421508789,0.0,N/A,Good
2024-12-09 13:42:00,29,192.168.1.10,248.94304275512695,0.0,N/A,Acceptable
2024-12-09 13:42:01,1,192.168.1.11,138.2822036743164,0.0,N/A,Good
2024-12-09 13:42:01,2,192.168.1.11,138.98401260375977,0.0,N/A,Good
2024-12-09 13:42:02,3,192.168.1.11,139.40773010253906,0.0,N/A,Good
2024-12-09 13:42:03,4,192.168.1.11,138.87171745300293,0.0,N/A,Good
2024-12-09 13:42:03,5,192.168.1.11,138.92898559570312,0.0,N/A,Good
2024-12-09 13:42:04,6,192.168.1.11,138.6523723602295,0.0,N/A,Good
2024-12-09 13:42:05,7,192.168.1.11,139.0791416168213,0.0,N/A,Good
2024-12-09 13:42:05,45,192.168.5.23,N/A,100.0,N/A,Unavailable
2024-12-09 13:42:05,44,192.168.1.12,875.1330971717834,20.0,N/A,Poor
2024-12-09 13:42:05,8,192.168.1.11,138.40370178222656,0.0,N/A,Good
2024-12-09 13:42:06,9,192.168.1.11,138.71827125549316,0.0,N/A,Good
2024-12-09 13:42:07,10,192.168.1.11,138.83419036865234,0.0,N/A,Good
2024-12-09 13:42:08,11,192.168.1.11,138.58952522277832,0.0,N/A,Good
2024-12-09 13:42:08,12,192.168.1.11,138.48581314086914,0.0,N/A,Good
2024-12-09 13:42:09,13,192.168.1.11,138.53144645690918,0.0,N/A,Good
2024-12-09 13:42:10,14,192.168.1.11,138.94476890563965,0.0,N/A,Good
2024-12-09 13:42:12,15,192.168.1.10,249.7509002685547,0.0,N/A,Acceptable
2024-12-09 13:42:15,16,192.168.1.10,249.78452920913696,20.0,N/A,Acceptable
2024-12-09 13:42:15,46,192.168.5.23,N/A,100.0,N/A,Unavailable
2024-12-09 13:42:16,17,192.168.1.10,249.34473037719727,0.0,N/A,Acceptable
2024-12-09 13:42:17,18,192.168.1.10,249.58977699279785,0.0,N/A,Acceptable
2024-12-09 13:42:18,19,192.168.1.10,248.84586334228516,0.0,N/A,Acceptable
2024-12-09 13:42:20,20,192.168.1.10,249.21808242797852,0.0,N/A,Acceptable
2024-12-09 13:42:20,0,192.168.1.11,138.67568969726562,0.0,N/A,Good
2024-12-09 13:42:21,30,192.168.1.12,875.0389218330383,20.0,N/A,Poor
2024-12-09 13:42:21,21,192.168.1.10,249.0035057067871,0.0,N/A,Acceptable
2024-12-09 13:42:21,1,192.168.1.11,138.95807266235352,0.0,N/A,Good
2024-12-09 13:42:22,2,192.168.1.11,138.4885311126709,0.0,N/A,Good
2024-12-09 13:42:22,22,192.168.1.10,249.13835525512695,0.0,N/A,Acceptable
2024-12-09 13:42:22,3,192.168.1.11,138.6685848236084,0.0,N/A,Good
2024-12-09 13:42:23,4,192.168.1.11,138.29364776611328,0.0,N/A,Good
2024-12-09 13:42:23,23,192.168.1.10,249.11136627197266,0.0,N/A,Acceptable
2024-12-09 13:42:24,5,192.168.1.11,138.89660835266113,0.0,N/A,Good
2024-12-09 13:42:25,6,192.168.1.11,138.7603759765625,0.0,N/A,Good
2024-12-09 13:42:25,24,192.168.1.10,248.93369674682617,0.0,N/A,Acceptable
2024-12-09 13:42:25,47,192.168.5.23,N/A,100.0,N/A,Unavailable
2024-12-09 13:42:25,31,192.168.1.12,875.0247955322266,0.0,N/A,Poor
2024-12-09 13:42:25,7,192.168.1.11,138.58323097229004,0.0,N/A,Good
2024-12-09 13:42:26,25,192.168.1.10,249.02496337890625,0.0,N/A,Acceptable
2024-12-09 13:42:26,8,192.168.1.11,138.9200210571289,0.0,N/A,Good
2024-12-09 13:42:27,9,192.168.1.11,138.19289207458496,0.0,N/A,Good
2024-12-09 13:42:27,10,192.168.1.11,140.20347595214844,0.0,N/A,Good
2024-12-09 13:42:28,11,192.168.1.11,138.67626190185547,0.0,N/A,Good
2024-12-09 13:42:29,12,192.168.1.11,139.11638259887695,0.0,N/A,Good
2024-12-09 13:42:29,26,192.168.1.10,249.37623739242554,20.0,N/A,Acceptable
2024-12-09 13:42:30,13,192.168.1.11,138.6524200439453,0.0,N/A,Good
2024-12-09 13:42:30,32,192.168.1.12,874.7763633728027,0.0,N/A,Poor
2024-12-09 13:42:30,14,192.168.1.11,138.48562240600586,0.0,N/A,Good
2024-12-09 13:42:32,27,192.168.1.10,249.3075132369995,20.0,N/A,Acceptable
2024-12-09 13:42:34,33,192.168.1.12,875.8328914642334,0.0,N/A,Poor
2024-12-09 13:42:35,28,192.168.1.10,249.45563077926636,20.0,N/A,Acceptable
2024-12-09 13:42:35,48,192.168.5.23,N/A,100.0,N/A,Unavailable
2024-12-09 13:42:38,34,192.168.1.12,875.5630970001221,0.0,N/A,Poor
2024-12-09 13:42:40,29,192.168.1.10,249.0535577138265,40.0,N/A,Poor
2024-12-09 13:42:41,0,192.168.1.11,138.995361328125,0.0,N/A,Good
2024-12-09 13:42:42,1,192.168.1.11,139.00504112243652,0.0,N/A,Good
2024-12-09 13:42:42,2,192.168.1.11,138.6429786682129,0.0,N/A,Good
2024-12-09 13:42:43,3,192.168.1.11,139.00794982910156,0.0,N/A,Good
2024-12-09 13:42:44,4,192.168.1.11,138.90299797058105,0.0,N/A,Good
2024-12-09 13:42:44,35,192.168.1.12,875.1168251037598,20.0,N/A,Poor
2024-12-09 13:42:45,5,192.168.1.11,138.97972106933594,0.0,N/A,Good
2024-12-09 13:42:45,6,192.168.1.11,138.98215293884277,0.0,N/A,Good
2024-12-09 13:42:45,49,192.168.5.23,N/A,100.0,N/A,Unavailable
2024-12-09 13:42:46,7,192.168.1.11,139.56189155578613,0.0,N/A,Good
2024-12-09 13:42:47,8,192.168.1.11,138.58942985534668,0.0,N/A,Good
2024-12-09 13:42:47,9,192.168.1.11,138.68975639343262,0.0,N/A,Good
2024-12-09 13:42:48,10,192.168.1.11,138.94505500793457,0.0,N/A,Good
2024-12-09 13:42:48,36,192.168.1.12,876.3511657714844,0.0,N/A,Poor
2024-12-09 13:42:49,11,192.168.1.11,138.75985145568848,0.0,N/A,Good
2024-12-09 13:42:49,12,192.168.1.11,138.7889862060547,0.0,N/A,Good
2024-12-09 13:42:50,13,192.168.1.11,138.557767868042,0.0,N/A,Good
2024-12-09 13:42:51,14,192.168.1.11,138.13185691833496,0.0,N/A,Good
2024-12-09 13:42:51,15,192.168.1.10,249.43242073059082,0.0,N/A,Acceptable
2024-12-09 13:42:53,37,192.168.1.12,875.462818145752,0.0,N/A,Poor
2024-12-09 13:42:55,50,192.168.5.23,N/A,100.0,N/A,Unavailable
2024-12-09 13:42:56,16,192.168.1.10,249.51585133870444,40.0,N/A,Poor
2024-12-09 13:42:57,17,192.168.1.10,249.8960018157959,0.0,N/A,Acceptable
2024-12-09 13:42:58,18,192.168.1.10,249.77073669433594,0.0,N/A,Acceptable
2024-12-09 13:42:59,38,192.168.1.12,874.8631477355957,40.0,N/A,Poor
2024-12-09 13:43:00,19,192.168.1.10,249.5954990386963,0.0,N/A,Acceptable
2024-12-09 13:43:01,20,192.168.1.10,249.662446975708,0.0,N/A,Acceptable
2024-12-09 13:43:02,0,192.168.1.11,138.70959281921387,0.0,N/A,Good
2024-12-09 13:43:02,21,192.168.1.10,249.38435554504395,0.0,N/A,Acceptable
2024-12-09 13:43:02,1,192.168.1.11,138.73395919799805,0.0,N/A,Good
2024-12-09 13:43:03,2,192.168.1.11,138.5241985321045,0.0,N/A,Good
2024-12-09 13:43:04,3,192.168.1.11,138.4690284729004,0.0,N/A,Good
2024-12-09 13:43:04,4,192.168.1.11,138.68660926818848,0.0,N/A,Good
2024-12-09 13:43:05,39,192.168.1.12,875.8163452148438,20.0,N/A,Poor
2024-12-09 13:43:05,22,192.168.1.10,249.616801738739,20.0,N/A,Acceptable
2024-12-09 13:43:05,5,192.168.1.11,138.73653411865234,0.0,N/A,Good
2024-12-09 13:43:05,51,192.168.5.23,N/A,100.0,N/A,Unavailable
2024-12-09 13:43:06,6,192.168.1.11,138.77129554748535,0.0,N/A,Good
2024-12-09 13:43:06,23,192.168.1.10,249.23930168151855,0.0,N/A,Acceptable
2024-12-09 13:43:07,7,192.168.1.11,138.41753005981445,0.0,N/A,Good
2024-12-09 13:43:07,8,192.168.1.11,138.79876136779785,0.0,N/A,Good
2024-12-09 13:43:08,9,192.168.1.11,138.50727081298828,0.0,N/A,Good
2024-12-09 13:43:09,10,192.168.1.11,138.72976303100586,0.0,N/A,Good
2024-12-09 13:43:09,40,192.168.1.12,877.0148754119873,0.0,N/A,Poor
2024-12-09 13:43:09,11,192.168.1.11,138.79961967468262,0.0,N/A,Good
2024-12-09 13:43:09,24,192.168.1.10,248.82864952087402,20.0,N/A,Acceptable
2024-12-09 13:43:10,12,192.168.1.11,138.68541717529297,0.0,N/A,Good
2024-12-09 13:43:11,13,192.168.1.11,138.60421180725098,0.0,N/A,Good
2024-12-09 13:43:11,14,192.168.1.11,139.4106388092041,0.0,N/A,Good
2024-12-09 13:43:12,25,192.168.1.10,249.82714653015137,20.0,N/A,Acceptable
2024-12-09 13:43:14,41,192.168.1.12,875.4692554473877,0.0,N/A,Poor
2024-12-09 13:43:15,52,192.168.5.23,N/A,100.0,N/A,Unavailable
2024-12-09 13:43:15,26,192.168.1.10,249.76038932800293,20.0,N/A,Acceptable
2024-12-09 13:43:17,27,192.168.1.10,249.58195686340332,0.0,N/A,Acceptable
2024-12-09 13:43:18,28,192.168.1.10,249.0786075592041,0.0,N/A,Acceptable
2024-12-09 13:43:19,42,192.168.1.12,878.2133460044861,20.0,N/A,Poor
2024-12-09 13:43:21,29,192.168.1.10,249.75210428237915,20.0,N/A,Acceptable
2024-12-09 13:43:22,0,192.168.1.11,138.97128105163574,0.0,N/A,Good
2024-12-09 13:43:23,1,192.168.1.11,139.32247161865234,0.0,N/A,Good
2024-12-09 13:43:24,43,192.168.1.12,874.8630046844482,0.0,N/A,Poor
2024-12-09 13:43:24,2,192.168.1.11,138.8056755065918,0.0,N/A,Good
2024-12-09 13:43:24,3,192.168.1.11,138.7803077697754,0.0,N/A,Good
2024-12-09 13:43:25,4,192.168.1.11,138.64154815673828,0.0,N/A,Good
2024-12-09 13:43:25,53,192.168.5.23,N/A,100.0,N/A,Unavailable
2024-12-09 13:43:26,5,192.168.1.11,139.20063972473145,0.0,N/A,Good
2024-12-09 13:43:26,6,192.168.1.11,138.80410194396973,0.0,N/A,Good
2024-12-09 13:43:27,7,192.168.1.11,138.56472969055176,0.0,N/A,Good
2024-12-09 13:43:28,8,192.168.1.11,138.39750289916992,0.0,N/A,Good
2024-12-09 13:43:28,44,192.168.1.12,876.3120651245117,0.0,N/A,Poor
2024-12-09 13:43:29,9,192.168.1.11,138.726806640625,0.0,N/A,Good
2024-12-09 13:43:29,10,192.168.1.11,138.810396194458,0.0,N/A,Good
2024-12-09 13:43:30,11,192.168.1.11,138.80910873413086,0.0,N/A,Good
2024-12-09 13:43:31,12,192.168.1.11,139.23826217651367,0.0,N/A,Good
2024-12-09 13:43:31,13,192.168.1.11,138.29913139343262,0.0,N/A,Good
2024-12-09 13:43:32,14,192.168.1.11,138.42501640319824,0.0,N/A,Good
2024-12-09 13:43:32,15,192.168.1.10,249.05924797058105,0.0,N/A,Acceptable
2024-12-09 13:43:33,16,192.168.1.10,249.59187507629395,0.0,N/A,Acceptable
2024-12-09 13:43:35,54,192.168.5.23,N/A,100.0,N/A,Unavailable
2024-12-09 13:43:36,17,192.168.1.10,249.4196891784668,20.0,N/A,Acceptable
2024-12-09 13:43:39,18,192.168.1.10,249.60988759994507,20.0,N/A,Acceptable
2024-12-09 13:43:41,19,192.168.1.10,250.15459060668945,0.0,N/A,Acceptable
2024-12-09 13:43:42,20,192.168.1.10,249.19052124023438,0.0,N/A,Acceptable
2024-12-09 13:43:42,30,192.168.1.12,875.6434917449951,0.0,N/A,Poor
2024-12-09 13:43:43,0,192.168.1.11,138.7275218963623,0.0,N/A,Good
2024-12-09 13:43:43,21,192.168.1.10,249.22986030578613,0.0,N/A,Acceptable
2024-12-09 13:43:43,1,192.168.1.11,139.1246795654297,0.0,N/A,Good
2024-12-09 13:43:44,2,192.168.1.11,138.19918632507324,0.0,N/A,Good
2024-12-09 13:43:45,22,192.168.1.10,249.15871620178223,0.0,N/A,Acceptable
2024-12-09 13:43:45,3,192.168.1.11,138.77944946289062,0.0,N/A,Good
2024-12-09 13:43:46,55,192.168.5.23,N/A,100.0,N/A,Unavailable
2024-12-09 13:43:46,4,192.168.1.11,138.26584815979004,0.0,N/A,Good
2024-12-09 13:43:46,23,192.168.1.10,249.531888961792,0.0,N/A,Acceptable
2024-12-09 13:43:46,5,192.168.1.11,138.68184089660645,0.0,N/A,Good
2024-12-09 13:43:47,31,192.168.1.12,875.1885890960693,0.0,N/A,Poor
2024-12-09 13:43:47,6,192.168.1.11,138.7033462524414,0.0,N/A,Good
2024-12-09 13:43:47,24,192.168.1.10,249.4204044342041,0.0,N/A,Acceptable
2024-12-09 13:43:48,7,192.168.1.11,138.37318420410156,0.0,N/A,Good
2024-12-09 13:43:48,25,192.168.1.10,249.1729736328125,0.0,N/A,Acceptable
2024-12-09 13:43:48,8,192.168.1.11,138.85798454284668,0.0,N/A,Good
2024-12-09 13:43:49,9,192.168.1.11,138.54365348815918,0.0,N/A,Good
2024-12-09 13:43:50,26,192.168.1.10,249.5898723602295,0.0,N/A,Acceptable
2024-12-09 13:43:50,10,192.168.1.11,138.38558197021484,0.0,N/A,Good
2024-12-09 13:43:51,11,192.168.1.11,138.338041305542,0.0,N/A,Good
2024-12-09 13:43:51,27,192.168.1.10,249.39560890197754,0.0,N/A,Acceptable
2024-12-09 13:43:51,12,192.168.1.11,137.96048164367676,0.0,N/A,Good
2024-12-09 13:43:52,13,192.168.1.11,138.70439529418945,0.0,N/A,Good
2024-12-09 13:43:53,14,192.168.1.11,138.60416412353516,0.0,N/A,Good
2024-12-09 13:43:53,32,192.168.1.12,874.9203681945801,40.0,N/A,Poor
2024-12-09 13:43:54,28,192.168.1.10,249.43292140960693,20.0,N/A,Acceptable
2024-12-09 13:43:56,56,192.168.5.23,N/A,100.0,N/A,Unavailable
2024-12-09 13:43:57,29,192.168.1.10,249.06647205352783,20.0,N/A,Acceptable
2024-12-09 13:43:59,33,192.168.1.12,875.6158351898193,20.0,N/A,Poor
2024-12-09 13:44:03,34,192.168.1.12,875.2734184265137,0.0,N/A,Poor
2024-12-09 13:44:03,0,192.168.1.11,138.77382278442383,0.0,N/A,Good
2024-12-09 13:44:04,1,192.168.1.11,139.08262252807617,0.0,N/A,Good
2024-12-09 13:44:05,2,192.168.1.11,138.67597579956055,0.0,N/A,Good
2024-12-09 13:44:05,3,192.168.1.11,138.58036994934082,0.0,N/A,Good
2024-12-09 13:44:06,57,192.168.5.23,N/A,100.0,N/A,Unavailable
2024-12-09 13:44:06,4,192.168.1.11,138.79356384277344,0.0,N/A,Good
2024-12-09 13:44:07,5,192.168.1.11,138.32345008850098,0.0,N/A,Good
2024-12-09 13:44:08,6,192.168.1.11,139.01638984680176,0.0,N/A,Good
2024-12-09 13:44:08,15,192.168.1.10,249.66802597045898,0.0,N/A,Acceptable
2024-12-09 13:44:08,7,192.168.1.11,138.05675506591797,0.0,N/A,Good
2024-12-09 13:44:09,35,192.168.1.12,875.3964900970459,20.0,N/A,Poor
2024-12-09 13:44:09,8,192.168.1.11,138.53530883789062,0.0,N/A,Good
2024-12-09 13:44:09,16,192.168.1.10,249.01299476623535,0.0,N/A,Acceptable
2024-12-09 13:44:10,9,192.168.1.11,139.11190032958984,0.0,N/A,Good
2024-12-09 13:44:10,10,192.168.1.11,138.21096420288086,0.0,N/A,Good
2024-12-09 13:44:11,17,192.168.1.10,249.5687484741211,0.0,N/A,Acceptable
2024-12-09 13:44:11,11,192.168.1.11,138.81516456604004,0.0,N/A,Good
2024-12-09 13:44:12,12,192.168.1.11,138.4096622467041,0.0,N/A,Good
2024-12-09 13:44:12,18,192.168.1.10,249.08814430236816,0.0,N/A,Acceptable
2024-12-09 13:44:12,13,192.168.1.11,138.73639106750488,0.0,N/A,Good
2024-12-09 13:44:13,14,192.168.1.11,138.13600540161133,0.0,N/A,Good
2024-12-09 13:44:15,19,192.168.1.10,249.10616874694824,20.0,N/A,Acceptable
2024-12-09 13:44:15,36,192.168.1.12,874.8078346252441,40.0,N/A,Poor
2024-12-09 13:44:16,58,192.168.5.23,N/A,100.0,N/A,Unavailable
2024-12-09 13:44:16,20,192.168.1.10,249.4807243347168,0.0,N/A,Acceptable
2024-12-09 13:44:17,21,192.168.1.10,249.47552680969238,0.0,N/A,Acceptable
2024-12-09 13:44:19,22,192.168.1.10,249.72805976867676,0.0,N/A,Acceptable
2024-12-09 13:44:20,23,192.168.1.10,249.32689666748047,0.0,N/A,Acceptable
2024-12-09 13:44:21,37,192.168.1.12,875.102698802948,20.0,N/A,Poor
2024-12-09 13:44:21,24,192.168.1.10,249.00035858154297,0.0,N/A,Acceptable
2024-12-09 13:44:22,25,192.168.1.10,249.69453811645508,0.0,N/A,Acceptable
2024-12-09 13:44:24,26,192.168.1.10,249.7560977935791,0.0,N/A,Acceptable
2024-12-09 13:44:24,0,192.168.1.11,139.00504112243652,0.0,N/A,Good
2024-12-09 13:44:25,1,192.168.1.11,140.1538848876953,0.0,N/A,Good
2024-12-09 13:44:25,27,192.168.1.10,250.57697296142578,0.0,N/A,Acceptable
2024-12-09 13:44:25,2,192.168.1.11,138.29965591430664,0.0,N/A,Good
2024-12-09 13:44:26,59,192.168.5.23,N/A,100.0,N/A,Unavailable
2024-12-09 13:44:26,3,192.168.1.11,138.41791152954102,0.0,N/A,Good
2024-12-09 13:44:26,28,192.168.1.10,249.3755340576172,0.0,N/A,Acceptable
2024-12-09 13:44:26,38,192.168.1.12,875.3227591514587,20.0,N/A,Poor
2024-12-09 13:44:27,4,192.168.1.11,138.55218887329102,0.0,N/A,Good
2024-12-09 13:44:27,5,192.168.1.11,138.43259811401367,0.0,N/A,Good
2024-12-09 13:44:28,6,192.168.1.11,138.9577865600586,0.0,N/A,Good
2024-12-09 13:44:29,7,192.168.1.11,138.94305229187012,0.0,N/A,Good
2024-12-09 13:44:29,29,192.168.1.10,249.114990234375,20.0,N/A,Acceptable
2024-12-09 13:44:30,8,192.168.1.11,138.72199058532715,0.0,N/A,Good
2024-12-09 13:44:30,9,192.168.1.11,138.36517333984375,0.0,N/A,Good
2024-12-09 13:44:31,10,192.168.1.11,138.57135772705078,0.0,N/A,Good
2024-12-09 13:44:32,11,192.168.1.11,138.9631748199463,0.0,N/A,Good
2024-12-09 13:44:32,12,192.168.1.11,138.3218765258789,0.0,N/A,Good
2024-12-09 13:44:33,13,192.168.1.11,138.53273391723633,0.0,N/A,Good
2024-12-09 13:44:34,14,192.168.1.11,139.52083587646484,0.0,N/A,Good
2024-12-09 13:44:34,39,192.168.1.12,875.4916191101074,60.0,N/A,Poor
2024-12-09 13:44:39,40,192.168.1.12,875.3201961517334,0.0,N/A,Poor
2024-12-09 13:44:41,15,192.168.1.10,249.76067543029785,0.0,N/A,Acceptable
2024-12-09 13:44:42,16,192.168.1.10,249.2044448852539,0.0,N/A,Acceptable
2024-12-09 13:44:45,0,192.168.1.11,138.50374221801758,0.0,N/A,Good
2024-12-09 13:44:45,17,192.168.1.10,249.60094690322876,20.0,N/A,Acceptable
2024-12-09 13:44:45,1,192.168.1.11,138.89269828796387,0.0,N/A,Good
2024-12-09 13:44:45,41,192.168.1.12,875.9159247080485,40.0,N/A,Poor
2024-12-09 13:44:46,45,192.168.5.23,N/A,100.0,N/A,Unavailable
2024-12-09 13:44:46,2,192.168.1.11,138.89517784118652,0.0,N/A,Good
2024-12-09 13:44:46,18,192.168.1.10,248.89655113220215,0.0,N/A,Acceptable
2024-12-09 13:44:47,3,192.168.1.11,138.44761848449707,0.0,N/A,Good
2024-12-09 13:44:47,19,192.168.1.10,249.28970336914062,0.0,N/A,Acceptable
2024-12-09 13:44:47,4,192.168.1.11,138.43140602111816,0.0,N/A,Good
2024-12-09 13:44:48,5,192.168.1.11,138.91196250915527,0.0,N/A,Good
2024-12-09 13:44:49,6,192.168.1.11,139.03446197509766,0.0,N/A,Good
2024-12-09 13:44:49,7,192.168.1.11,138.79327774047852,0.0,N/A,Good
2024-12-09 13:44:50,8,192.168.1.11,138.68951797485352,0.0,N/A,Good
2024-12-09 13:44:50,20,192.168.1.10,249.0282654762268,20.0,N/A,Acceptable
2024-12-09 13:44:51,42,192.168.1.12,874.9692440032959,20.0,N/A,Poor
2024-12-09 13:44:51,9,192.168.1.11,138.08846473693848,0.0,N/A,Good
2024-12-09 13:44:52,10,192.168.1.11,138.7660026550293,0.0,N/A,Good
2024-12-09 13:44:52,11,192.168.1.11,138.5035514831543,0.0,N/A,Good
2024-12-09 13:44:53,12,192.168.1.11,138.94352912902832,0.0,N/A,Good
2024-12-09 13:44:53,21,192.168.1.10,249.36550855636597,20.0,N/A,Acceptable
2024-12-09 13:44:54,13,192.168.1.11,138.75422477722168,0.0,N/A,Good
2024-12-09 13:44:54,14,192.168.1.11,138.2702350616455,0.0,N/A,Good
2024-12-09 13:44:55,22,192.168.1.10,249.18832778930664,0.0,N/A,Acceptable
2024-12-09 13:44:55,43,192.168.1.12,875.1622200012207,0.0,N/A,Poor
2024-12-09 13:44:56,46,192.168.5.23,N/A,100.0,N/A,Unavailable
2024-12-09 13:44:56,23,192.168.1.10,249.8243808746338,0.0,N/A,Acceptable
2024-12-09 13:44:57,24,192.168.1.10,249.55744743347168,0.0,N/A,Acceptable
2024-12-09 13:44:58,25,192.168.1.10,249.24750328063965,0.0,N/A,Acceptable
2024-12-09 13:45:00,44,192.168.1.12,874.8488426208496,0.0,N/A,Poor
2024-12-09 13:45:00,26,192.168.1.10,249.45812225341797,0.0,N/A,Acceptable
2024-12-09 13:45:01,27,192.168.1.10,249.60699081420898,0.0,N/A,Acceptable
2024-12-09 13:45:02,28,192.168.1.10,249.483060836792,0.0,N/A,Acceptable
2024-12-09 13:45:03,29,192.168.1.10,249.7861385345459,0.0,N/A,Acceptable
2024-12-09 13:45:05,0,192.168.1.11,139.45140838623047,0.0,N/A,Good
2024-12-09 13:45:06,1,192.168.1.11,139.2439842224121,0.0,N/A,Good
2024-12-09 13:45:06,47,192.168.5.23,N/A,100.0,N/A,Unavailable
2024-12-09 13:45:07,2,192.168.1.11,139.06188011169434,0.0,N/A,Good
2024-12-09 13:45:07,3,192.168.1.11,138.69638442993164,0.0,N/A,Good
2024-12-09 13:45:08,4,192.168.1.11,138.43307495117188,0.0,N/A,Good
2024-12-09 13:45:09,5,192.168.1.11,138.72857093811035,0.0,N/A,Good
2024-12-09 13:45:09,6,192.168.1.11,138.69080543518066,0.0,N/A,Good
2024-12-09 13:45:10,7,192.168.1.11,138.96589279174805,0.0,N/A,Good
2024-12-09 13:45:11,8,192.168.1.11,138.82460594177246,0.0,N/A,Good
2024-12-09 13:45:11,9,192.168.1.11,138.2291316986084,0.0,N/A,Good
2024-12-09 13:45:12,10,192.168.1.11,138.81807327270508,0.0,N/A,Good
2024-12-09 13:45:13,11,192.168.1.11,139.1007423400879,0.0,N/A,Good
2024-12-09 13:45:14,12,192.168.1.11,138.4096622467041,0.0,N/A,Good
2024-12-09 13:45:14,30,192.168.1.12,874.727725982666,0.0,N/A,Poor
2024-12-09 13:45:14,13,192.168.1.11,138.66219520568848,0.0,N/A,Good
2024-12-09 13:45:15,15,192.168.1.10,249.04189109802246,0.0,N/A,Acceptable
2024-12-09 13:45:15,14,192.168.1.11,138.90995979309082,0.0,N/A,Good
2024-12-09 13:45:16,48,192.168.5.23,N/A,100.0,N/A,Unavailable
2024-12-09 13:45:16,16,192.168.1.10,249.38502311706543,0.0,N/A,Acceptable
2024-12-09 13:45:17,17,192.168.1.10,249.52993392944336,0.0,N/A,Acceptable
2024-12-09 13:45:18,31,192.168.1.12,875.3636360168457,0.0,N/A,Poor
2024-12-09 13:45:18,18,192.168.1.10,249.12114143371582,0.0,N/A,Acceptable
2024-12-09 13:45:20,19,192.168.1.10,249.60713386535645,0.0,N/A,Acceptable
2024-12-09 13:45:23,20,192.168.1.10,249.04388189315796,20.0,N/A,Acceptable
2024-12-09 13:45:23,32,192.168.1.12,875.5183696746826,0.0,N/A,Poor
2024-12-09 13:45:24,21,192.168.1.10,249.5957374572754,0.0,N/A,Acceptable
2024-12-09 13:45:25,22,192.168.1.10,250.22940635681152,0.0,N/A,Acceptable
2024-12-09 13:45:26,0,192.168.1.11,138.22579383850098,0.0,N/A,Good
2024-12-09 13:45:26,49,192.168.5.23,N/A,100.0,N/A,Unavailable
2024-12-09 13:45:26,1,192.168.1.11,138.85512351989746,0.0,N/A,Good
2024-12-09 13:45:27,2,192.168.1.11,138.97733688354492,0.0,N/A,Good
2024-12-09 13:45:28,3,192.168.1.11,138.89775276184082,0.0,N/A,Good
2024-12-09 13:45:28,23,192.168.1.10,248.92061948776245,20.0,N/A,Acceptable
2024-12-09 13:45:28,33,192.168.1.12,874.8222589492798,20.0,N/A,Poor
2024-12-09 13:45:29,4,192.168.1.11,138.6059284210205,0.0,N/A,Good
2024-12-09 13:45:29,5,192.168.1.11,138.43865394592285,0.0,N/A,Good
2024-12-09 13:45:30,24,192.168.1.10,248.98734092712402,0.0,N/A,Acceptable
2024-12-09 13:45:30,6,192.168.1.11,139.86411094665527,0.0,N/A,Good
2024-12-09 13:45:31,7,192.168.1.11,138.15131187438965,0.0,N/A,Good
2024-12-09 13:45:31,25,192.168.1.10,249.2957592010498,0.0,N/A,Acceptable
2024-12-09 13:45:31,8,192.168.1.11,138.1633758544922,0.0,N/A,Good
2024-12-09 13:45:32,26,192.168.1.10,248.93317222595215,0.0,N/A,Acceptable
2024-12-09 13:45:32,9,192.168.1.11,138.57197761535645,0.0,N/A,Good
2024-12-09 13:45:33,34,192.168.1.12,875.7160663604736,0.0,N/A,Poor
2024-12-09 13:45:33,10,192.168.1.11,138.5636806488037,0.0,N/A,Good
2024-12-09 13:45:33,27,192.168.1.10,249.58858489990234,0.0,N/A,Acceptable
2024-12-09 13:45:33,11,192.168.1.11,138.97509574890137,0.0,N/A,Good
2024-12-09 13:45:34,12,192.168.1.11,138.70391845703125,0.0,N/A,Good
2024-12-09 13:45:35,28,192.168.1.10,249.55687522888184,0.0,N/A,Acceptable
2024-12-09 13:45:35,13,192.168.1.11,138.38629722595215,0.0,N/A,Good
2024-12-09 13:45:36,14,192.168.1.11,139.17155265808105,0.0,N/A,Good
2024-12-09 13:45:36,29,192.168.1.10,249.3478775024414,0.0,N/A,Acceptable
2024-12-09 13:45:36,50,192.168.5.23,N/A,100.0,N/A,Unavailable
2024-12-09 13:45:38,35,192.168.1.12,875.419557094574,20.0,N/A,Poor
2024-12-09 13:45:43,36,192.168.1.12,876.216459274292,0.0,N/A,Poor
2024-12-09 13:45:46,51,192.168.5.23,N/A,100.0,N/A,Unavailable
2024-12-09 13:45:46,0,192.168.1.11,138.53602409362793,0.0,N/A,Good
2024-12-09 13:45:47,1,192.168.1.11,138.15879821777344,0.0,N/A,Good
2024-12-09 13:45:47,37,192.168.1.12,875.4470825195312,0.0,N/A,Poor
2024-12-09 13:45:47,15,192.168.1.10,249.5105266571045,0.0,N/A,Acceptable
2024-12-09 13:45:48,2,192.168.1.11,138.2943630218506,0.0,N/A,Good
2024-12-09 13:45:48,16,192.168.1.10,251.62410736083984,0.0,N/A,Acceptable
2024-12-09 13:45:48,3,192.168.1.11,138.63987922668457,0.0,N/A,Good
2024-12-09 13:45:49,4,192.168.1.11,139.14799690246582,0.0,N/A,Good
2024-12-09 13:45:50,5,192.168.1.11,138.8984203338623,0.0,N/A,Good
2024-12-09 13:45:51,6,192.168.1.11,138.85183334350586,0.0,N/A,Good
2024-12-09 13:45:51,7,192.168.1.11,138.3894443511963,0.0,N/A,Good
2024-12-09 13:45:51,17,192.168.1.10,248.851478099823,20.0,N/A,Acceptable
2024-12-09 13:45:51,38,192.168.1.12,875.0250339508057,0.0,N/A,Poor
2024-12-09 13:45:52,8,192.168.1.11,139.56899642944336,0.0,N/A,Good
2024-12-09 13:45:53,9,192.168.1.11,139.00842666625977,0.0,N/A,Good
2024-12-09 13:45:53,18,192.168.1.10,249.1687774658203,0.0,N/A,Acceptable
2024-12-09 13:45:53,10,192.168.1.11,138.55228424072266,0.0,N/A,Good
2024-12-09 13:45:54,19,192.168.1.10,248.90718460083008,0.0,N/A,Acceptable
2024-12-09 13:45:54,11,192.168.1.11,138.44618797302246,0.0,N/A,Good
2024-12-09 13:45:55,12,192.168.1.11,138.49172592163086,0.0,N/A,Good
2024-12-09 13:45:55,20,192.168.1.10,249.28770065307617,0.0,N/A,Acceptable
2024-12-09 13:45:55,13,192.168.1.11,138.49153518676758,0.0,N/A,Good
2024-12-09 13:45:56,52,192.168.5.23,N/A,100.0,N/A,Unavailable
2024-12-09 13:45:56,14,192.168.1.11,138.54103088378906,0.0,N/A,Good
2024-12-09 13:45:56,21,192.168.1.10,248.65069389343262,0.0,N/A,Acceptable
2024-12-09 13:45:57,39,192.168.1.12,875.0701546669006,20.0,N/A,Poor
2024-12-09 13:45:58,22,192.168.1.10,249.53875541687012,0.0,N/A,Acceptable
2024-12-09 13:45:59,23,192.168.1.10,250.11882781982422,0.0,N/A,Acceptable
2024-12-09 13:46:00,24,192.168.1.10,249.34062957763672,0.0,N/A,Acceptable
2024-12-09 13:46:01,25,192.168.1.10,249.35708045959473,0.0,N/A,Acceptable
2024-12-09 13:46:02,40,192.168.1.12,875.641942024231,20.0,N/A,Poor
2024-12-09 13:46:04,26,192.168.1.10,249.15951490402222,20.0,N/A,Acceptable
2024-12-09 13:46:06,27,192.168.1.10,249.8255729675293,0.0,N/A,Acceptable
2024-12-09 13:46:06,53,192.168.5.23,N/A,100.0,N/A,Unavailable
2024-12-09 13:46:07,0,192.168.1.11,138.29970359802246,0.0,N/A,Good
2024-12-09 13:46:07,28,192.168.1.10,248.97174835205078,0.0,N/A,Acceptable
2024-12-09 13:46:08,1,192.168.1.11,138.33589553833008,0.0,N/A,Good
2024-12-09 13:46:08,41,192.168.1.12,875.1999735832214,20.0,N/A,Poor
2024-12-09 13:46:08,29,192.168.1.10,248.80523681640625,0.0,N/A,Acceptable
2024-12-09 13:46:08,2,192.168.1.11,138.35420608520508,0.0,N/A,Good
2024-12-09 13:46:09,3,192.168.1.11,138.3653163909912,0.0,N/A,Good
2024-12-09 13:46:10,4,192.168.1.11,138.3284091949463,0.0,N/A,Good
2024-12-09 13:46:10,5,192.168.1.11,138.25464248657227,0.0,N/A,Good
2024-12-09 13:46:11,6,192.168.1.11,138.66219520568848,0.0,N/A,Good
2024-12-09 13:46:12,7,192.168.1.11,137.94012069702148,0.0,N/A,Good
2024-12-09 13:46:13,8,192.168.1.11,139.08185958862305,0.0,N/A,Good
2024-12-09 13:46:13,9,192.168.1.11,138.62619400024414,0.0,N/A,Good
2024-12-09 13:46:13,42,192.168.1.12,875.3832578659058,20.0,N/A,Poor
2024-12-09 13:46:14,10,192.168.1.11,138.26684951782227,0.0,N/A,Good
2024-12-09 13:46:15,11,192.168.1.11,138.6862277984619,0.0,N/A,Good
2024-12-09 13:46:15,12,192.168.1.11,138.51490020751953,0.0,N/A,Good
2024-12-09 13:46:16,13,192.168.1.11,138.76748085021973,0.0,N/A,Good
2024-12-09 13:46:16,54,192.168.5.23,N/A,100.0,N/A,Unavailable
2024-12-09 13:46:17,14,192.168.1.11,138.5329246520996,0.0,N/A,Good
2024-12-09 13:46:18,43,192.168.1.12,875.409746170044,0.0,N/A,Poor
2024-12-09 13:46:20,15,192.168.1.10,249.38082695007324,0.0,N/A,Acceptable
2024-12-09 13:46:21,16,192.168.1.10,249.57451820373535,0.0,N/A,Acceptable
2024-12-09 13:46:22,17,192.168.1.10,249.75619316101074,0.0,N/A,Acceptable
2024-12-09 13:46:22,44,192.168.1.12,875.1898765563965,0.0,N/A,Poor
2024-12-09 13:46:23,18,192.168.1.10,251.39899253845215,0.0,N/A,Acceptable
2024-12-09 13:46:25,19,192.168.1.10,250.69341659545898,0.0,N/A,Acceptable
2024-12-09 13:46:26,20,192.168.1.10,249.9375343322754,0.0,N/A,Acceptable
2024-12-09 13:46:26,55,192.168.5.23,N/A,100.0,N/A,Unavailable
2024-12-09 13:46:27,21,192.168.1.10,249.6424674987793,0.0,N/A,Acceptable
2024-12-09 13:46:27,0,192.168.1.11,138.44146728515625,0.0,N/A,Good
2024-12-09 13:46:28,1,192.168.1.11,138.7270450592041,0.0,N/A,Good
2024-12-09 13:46:29,2,192.168.1.11,138.86847496032715,0.0,N/A,Good
2024-12-09 13:46:30,3,192.168.1.11,138.7983798980713,0.0,N/A,Good
2024-12-09 13:46:30,22,192.168.1.10,249.3724822998047,20.0,N/A,Acceptable
2024-12-09 13:46:30,4,192.168.1.11,138.77415657043457,0.0,N/A,Good
2024-12-09 13:46:31,5,192.168.1.11,139.3378734588623,0.0,N/A,Good
2024-12-09 13:46:31,23,192.168.1.10,249.0847110748291,0.0,N/A,Acceptable
2024-12-09 13:46:32,6,192.168.1.11,138.4878158569336,0.0,N/A,Good
2024-12-09 13:46:32,7,192.168.1.11,138.01474571228027,0.0,N/A,Good
2024-12-09 13:46:33,24,192.168.1.10,249.1685390472412,0.0,N/A,Acceptable
2024-12-09 13:46:33,8,192.168.1.11,138.60464096069336,0.0,N/A,Good
2024-12-09 13:46:34,9,192.168.1.11,138.90328407287598,0.0,N/A,Good
2024-12-09 13:46:34,25,192.168.1.10,249.47667121887207,0.0,N/A,Acceptable
2024-12-09 13:46:34,10,192.168.1.11,138.30466270446777,0.0,N/A,Good
2024-12-09 13:46:35,11,192.168.1.11,138.5204315185547,0.0,N/A,Good
2024-12-09 13:46:36,12,192.168.1.11,138.7862205505371,0.0,N/A,Good
2024-12-09 13:46:36,56,192.168.5.23,N/A,100.0,N/A,Unavailable
2024-12-09 13:46:37,13,192.168.1.11,138.42930793762207,0.0,N/A,Good
2024-12-09 13:46:37,26,192.168.1.10,250.57798624038696,20.0,N/A,Acceptable
2024-12-09 13:46:37,14,192.168.1.11,138.7946605682373,0.0,N/A,Good
2024-12-09 13:46:38,30,192.168.1.12,876.0890960693359,20.0,N/A,Poor
2024-12-09 13:46:38,27,192.168.1.10,249.3931770324707,0.0,N/A,Acceptable
2024-12-09 13:46:41,28,192.168.1.10,249.89444017410278,20.0,N/A,Acceptable
2024-12-09 13:46:42,31,192.168.1.12,875.6252288818359,0.0,N/A,Poor
2024-12-09 13:46:42,29,192.168.1.10,248.8774299621582,0.0,N/A,Acceptable
2024-12-09 13:46:46,57,192.168.5.23,N/A,100.0,N/A,Unavailable
2024-12-09 13:46:47,32,192.168.1.12,875.4513263702393,0.0,N/A,Poor
2024-12-09 13:46:48,0,192.168.1.11,138.45529556274414,0.0,N/A,Good
2024-12-09 13:46:49,1,192.168.1.11,138.67721557617188,0.0,N/A,Good
2024-12-09 13:46:49,2,192.168.1.11,138.77086639404297,0.0,N/A,Good
2024-12-09 13:46:50,3,192.168.1.11,138.5490894317627,0.0,N/A,Good
2024-12-09 13:46:51,4,192.168.1.11,139.28041458129883,0.0,N/A,Good
2024-12-09 13:46:52,5,192.168.1.11,138.60721588134766,0.0,N/A,Good
2024-12-09 13:46:52,33,192.168.1.12,874.5701313018799,20.0,N/A,Poor
2024-12-09 13:46:52,6,192.168.1.11,138.9854907989502,0.0,N/A,Good
2024-12-09 13:46:53,7,192.168.1.11,138.09208869934082,0.0,N/A,Good
2024-12-09 13:46:54,8,192.168.1.11,138.56005668640137,0.0,N/A,Good
2024-12-09 13:46:54,15,192.168.1.10,249.2156982421875,0.0,N/A,Acceptable
2024-12-09 13:46:54,9,192.168.1.11,138.24148178100586,0.0,N/A,Good
2024-12-09 13:46:55,10,192.168.1.11,138.92955780029297,0.0,N/A,Good
2024-12-09 13:46:56,11,192.168.1.11,138.86423110961914,0.0,N/A,Good
2024-12-09 13:46:56,58,192.168.5.23,N/A,100.0,N/A,Unavailable
2024-12-09 13:46:56,12,192.168.1.11,138.31639289855957,0.0,N/A,Good
2024-12-09 13:46:57,16,192.168.1.10,249.59319829940796,20.0,N/A,Acceptable
2024-12-09 13:46:57,13,192.168.1.11,138.3556365966797,0.0,N/A,Good
2024-12-09 13:46:58,34,192.168.1.12,875.0437498092651,20.0,N/A,Poor
2024-12-09 13:46:58,14,192.168.1.11,138.43412399291992,0.0,N/A,Good
2024-12-09 13:46:58,17,192.168.1.10,249.1340160369873,0.0,N/A,Acceptable
2024-12-09 13:46:59,18,192.168.1.10,249.27988052368164,0.0,N/A,Acceptable
2024-12-09 13:47:01,19,192.168.1.10,261.05661392211914,0.0,N/A,Acceptable
2024-12-09 13:47:02,20,192.168.1.10,259.82375144958496,0.0,N/A,Acceptable
2024-12-09 13:47:02,35,192.168.1.12,879.6035289764404,0.0,N/A,Poor
2024-12-09 13:47:03,21,192.168.1.10,257.86571502685547,0.0,N/A,Acceptable
2024-12-09 13:47:06,22,192.168.1.10,261.0729932785034,20.0,N/A,Acceptable
2024-12-09 13:47:06,59,192.168.5.23,N/A,100.0,N/A,Unavailable
2024-12-09 13:47:07,23,192.168.1.10,249.46584701538086,0.0,N/A,Acceptable
2024-12-09 13:47:08,36,192.168.1.12,879.1751861572266,20.0,N/A,Poor
2024-12-09 13:47:09,0,192.168.1.11,138.42196464538574,0.0,N/A,Good
2024-12-09 13:47:09,24,192.168.1.10,249.44100379943848,0.0,N/A,Acceptable
2024-12-09 13:47:09,1,192.168.1.11,138.07053565979004,0.0,N/A,Good
2024-12-09 13:47:10,25,192.168.1.10,248.9473819732666,0.0,N/A,Acceptable
2024-12-09 13:47:10,2,192.168.1.11,138.4195327758789,0.0,N/A,Good
2024-12-09 13:47:11,3,192.168.1.11,138.82765769958496,0.0,N/A,Good
2024-12-09 13:47:11,26,192.168.1.10,248.6245632171631,0.0,N/A,Acceptable
2024-12-09 13:47:11,4,192.168.1.11,138.67459297180176,0.0,N/A,Good
2024-12-09 13:47:12,5,192.168.1.11,138.62528800964355,0.0,N/A,Good
2024-12-09 13:47:12,27,192.168.1.10,249.4558334350586,0.0,N/A,Acceptable
2024-12-09 13:47:13,6,192.168.1.11,138.6871337890625,0.0,N/A,Good
2024-12-09 13:47:13,37,192.168.1.12,875.3899335861206,20.0,N/A,Poor
2024-12-09 13:47:14,7,192.168.1.11,138.55266571044922,0.0,N/A,Good
2024-12-09 13:47:14,28,192.168.1.10,249.1285800933838,0.0,N/A,Acceptable
2024-12-09 13:47:14,8,192.168.1.11,138.72017860412598,0.0,N/A,Good
2024-12-09 13:47:15,9,192.168.1.11,138.69495391845703,0.0,N/A,Good
2024-12-09 13:47:15,29,192.168.1.10,249.15828704833984,0.0,N/A,Acceptable
2024-12-09 13:47:16,10,192.168.1.11,138.44752311706543,0.0,N/A,Good
2024-12-09 13:47:16,11,192.168.1.11,138.92898559570312,0.0,N/A,Good
2024-12-09 13:47:17,12,192.168.1.11,139.13841247558594,0.0,N/A,Good
2024-12-09 13:47:18,13,192.168.1.11,138.5777473449707,0.0,N/A,Good
2024-12-09 13:47:18,14,192.168.1.11,138.68141174316406,0.0,N/A,Good
2024-12-09 13:47:19,38,192.168.1.12,875.5418062210083,20.0,N/A,Poor
2024-12-09 13:47:23,39,192.168.1.12,875.367021560669,0.0,N/A,Poor
2024-12-09 13:47:26,15,192.168.1.10,249.35646057128906,0.0,N/A,Acceptable
2024-12-09 13:47:27,45,192.168.5.23,N/A,100.0,N/A,Unavailable
2024-12-09 13:47:27,40,192.168.1.12,875.4004955291748,0.0,N/A,Poor
2024-12-09 13:47:29,0,192.168.1.11,139.01710510253906,0.0,N/A,Good
2024-12-09 13:47:29,16,192.168.1.10,249.43935871124268,20.0,N/A,Acceptable
2024-12-09 13:47:30,1,192.168.1.11,138.65718841552734,0.0,N/A,Good
2024-12-09 13:47:31,17,192.168.1.10,249.24492835998535,0.0,N/A,Acceptable
2024-12-09 13:47:31,2,192.168.1.11,138.53635787963867,0.0,N/A,Good
2024-12-09 13:47:31,3,192.168.1.11,138.34505081176758,0.0,N/A,Good
2024-12-09 13:47:32,18,192.168.1.10,249.07727241516113,0.0,N/A,Acceptable
2024-12-09 13:47:32,4,192.168.1.11,138.37213516235352,0.0,N/A,Good
2024-12-09 13:47:33,5,192.168.1.11,138.51032257080078,0.0,N/A,Good
2024-12-09 13:47:33,41,192.168.1.12,875.9005069732666,20.0,N/A,Poor
2024-12-09 13:47:33,6,192.168.1.11,138.45362663269043,0.0,N/A,Good
2024-12-09 13:47:34,7,192.168.1.11,138.59491348266602,0.0,N/A,Good
2024-12-09 13:47:35,19,192.168.1.10,249.3312954902649,20.0,N/A,Acceptable
2024-12-09 13:47:35,8,192.168.1.11,138.6378288269043,0.0,N/A,Good
2024-12-09 13:47:36,9,192.168.1.11,138.89265060424805,0.0,N/A,Good
2024-12-09 13:47:36,20,192.168.1.10,248.89426231384277,0.0,N/A,Acceptable
2024-12-09 13:47:36,10,192.168.1.11,138.7528419494629,0.0,N/A,Good
2024-12-09 13:47:37,46,192.168.5.23,N/A,100.0,N/A,Unavailable
2024-12-09 13:47:37,11,192.168.1.11,138.50126266479492,0.0,N/A,Good
2024-12-09 13:47:38,12,192.168.1.11,138.3749008178711,0.0,N/A,Good
2024-12-09 13:47:38,13,192.168.1.11,138.8063907623291,0.0,N/A,Good
2024-12-09 13:47:39,21,192.168.1.10,249.286949634552,20.0,N/A,Acceptable
2024-12-09 13:47:39,14,192.168.1.11,138.43646049499512,0.0,N/A,Good
2024-12-09 13:47:40,22,192.168.1.10,254.6583652496338,0.0,N/A,Acceptable
2024-12-09 13:47:41,42,192.168.1.12,875.3352165222168,60.0,N/A,Poor
2024-12-09 13:47:43,23,192.168.1.10,249.45151805877686,20.0,N/A,Acceptable
2024-12-09 13:47:45,24,192.168.1.10,249.6161937713623,0.0,N/A,Acceptable
